{
  "type": "minecraft:jigsaw",
  "biomes": [
    "minecraft:plains",
    "minecraft:sunflower_plains",
    "minecraft:snowy_plains",
    "minecraft:ice_spikes",
    "minecraft:desert",
    "minecraft:swamp",
    "minecraft:mangrove_swamp",
    "minecraft:forest",
    "minecraft:flower_forest",
    "minecraft:birch_forest",
    "minecraft:dark_forest",
    "minecraft:old_growth_birch_forest",
    "minecraft:old_growth_pine_taiga",
    "minecraft:old_growth_spruce_taiga",
    "minecraft:taiga",
    "minecraft:savanna",
    "minecraft:savanna_plateau",
    "minecraft:windswept_hills",
    "minecraft:windswept_gravelly_hills",
    "minecraft:windswept_forest",
    "minecraft:windswept_savanna",
    "minecraft:jungle",
    "minecraft:sparse_jungle",
    "minecraft:bamboo_jungle",
    "minecraft:badlands",
    "minecraft:eroded_badlands",
    "minecraft:wooded_badlands",
    "minecraft:meadow",
    "minecraft:grove",
    "minecraft:snowy_slopes"
  ],
  "step": "surface_structures",
  "spawn_overrides": {},
  "terrain_adaptation": "beard_thin",
  "start_pool": "pokebuildings:pokemart",
  "size": 3,
  "start_height": {
    "absolute": 0
  },
  "project_start_to_heightmap": "WORLD_SURFACE_WG",
  "max_distance_from_center": 80,
  "use_expansion_hack": false
}
