{
  "type": "minecraft:jigsaw",
  "biomes": [
    "minecraft:snowy_plains",
    "minecraft:ice_spikes",
    "minecraft:snowy_taiga",
    "minecraft:grove",
    "minecraft:snowy_slopes",
    "minecraft:frozen_peaks",
    "minecraft:jagged_peaks",
    "minecraft:frozen_river"
  ],
  "step": "underground_structures",
  "spawn_overrides": {},
  "terrain_adaptation": "bury",
  "start_pool": "legendarystructures:ice_cave",
  "size": 2,
  "start_height": {
    "type": "minecraft:uniform",
    "min_inclusive": {
      "absolute": -100
    },
    "max_inclusive": {
      "absolute": -60
    }
  },
  "project_start_to_heightmap": "WORLD_SURFACE_WG",
  "max_distance_from_center": 80,
  "use_expansion_hack": false
}
