{
  "type": "minecraft:jigsaw",
  "biomes": [
    "minecraft:plains"
  ],
  "step": "underground_structures",
  "spawn_overrides": {},
  "terrain_adaptation": "bury",
  "start_pool": "legendarystructures:team_rocket_hq",
  "size": 1,
  "start_height": {
    "type": "minecraft:uniform",
    "min_inclusive": {
      "absolute": -100
    },
    "max_inclusive": {
      "absolute": -60
    }
  },
  "project_start_to_heightmap": "WORLD_SURFACE_WG",
  "max_distance_from_center": 80,
  "use_expansion_hack": false
}
